parserId,uses
BlobParser,14876
blankLineParser,13167
catchAllParagraphParser,5138
scrollImportedParser,2061
importOnlyParser,1486
slashCommentParser,1097
quickLinkParser,1092
h1Parser,769
scrollDinkusParser,668
scrollBrParser,646
quickCssParser,610
editButtonParser,602
listAftertextParser,549
lineOfCodeParser,527
chatLineParser,408
cssParser,333
scrollCenterParser,331
authorsParser,313
endColumnsParser,312
baseUrlParser,309
editBaseUrlParser,308
rssFeedUrlParser,308
buildHtmlParser,306
metaTagsParser,306
printTitleParser,304
homeButtonParser,304
scrollFontParser,304
scrollLeftRightButtonsParser,303
scrollTitleParser,302
buildTxtParser,301
scrollVersionLinkParser,298
emailButtonParser,298
theScrollButtonParser,298
keyboardNavParser,297
scrollClearStackParser,296
scrollTagsParser,281
scrollDateParser,274
endOfPostDinkusParser,261
quickImageParser,225
datelineParser,213
scrollContainerParser,213
h2Parser,191
orderedListAftertextParser,184
quoteLineParser,149
endSnippetParser,139
quickRelativeLinkParser,137
captionAftertextParser,116
scrollQuestionParser,88
cssLineParser,87
footnoteDefinitionParser,77
katexParser,70
printAuthorsParser,57
printRelatedParser,54
printDateParser,47
h3Parser,44
codeParser,44
mediumColumnsParser,43
quoteParser,41
quickQuoteParser,39
scrollLinkParser,39
printTableParser,36
scrollTableDataParser,34
scrollTableParser,34
openGraphImageParser,33
thinColumnsParser,32
quickParagraphParser,31
openGraphParser,30
aftertextClassParser,28
scrollTableDelimiterParser,27
htmlInlineParser,24
scrollNavParser,20
scrollLinkTitleParser,19
openGraphDescriptionParser,19
printSnippetsParser,15
scrollChatParser,14
h4Parser,14
codeWithLanguageParser,11
aftertextStyleParser,10
htmlLineParser,9
addClassMarkupParser,9
lineOfTextParser,8
hoverNoteParser,8
permalinkParser,8
quickScriptParser,7
horizontalRuleParser,7
italicsParser,6
codeWithHeaderParser,6
quizParser,6
aftertextIdParser,6
plainTextLineParser,5
feedbackParser,5
wideColumnsParser,5
plainTextOnlyParser,4
scrollThemeParser,4
redirectToParser,4
commentParser,3
quickVideoParser,3
scrollPostsMetaParser,3
scrollOrderByParser,3
tableSearchParser,3
aboveAsCodeParser,2
expanderParser,2
boldParser,2
quickTableParser,2
scrollCounterParser,2
youtubeParser,2
widthParser,2
parsersCueParser,2
extendsParserParser,2
parserDefinitionParser,2
heatrixParser,2
scrollTransposeParser,2
scrollImputeParser,2
scrollGroupByParser,2
printUsageStatsParser,2
buildCsvParser,2
editLinkParser,1
youTubeParser,1
emailLinkParser,1
inlineMarkupsOnParser,1
underlineParser,1
aftertextStrikeParser,1
scrollDashboardParser,1
copyButtonsParser,1
inlineMarkupsParser,1
parsersStringParser,1
customDinkusParser,1
scrollAutoplayParser,1
scrollMediaLoopParser,1
afterTextCenterParser,1
openGraphKeywordsParser,1
helpfulNotFoundParser,1
printFeedParser,1
buildRssParser,1
printFullSnippetsParser,1
buildTsvParser,1
buildJsonParser,1
printColumnParser,1
scrollComposeParser,1
scrollLimitParser,1
scrollWhereParser,1
scrollPostsParser,1
printShortSnippetsParser,1
printSiteMapParser,1
printSourceParser,1
htmlAParser,1
slideshowParser,1